index_0,sample,value
0,0,0.20906760425983983
1,0,1.0323821405118823
2,0,1.9675762628775413
3,0,2.0136898294890604
4,0,2.104431004236942
