index_0,sample,value
0,0,0.18649688071850085
1,0,0.007581252769243787
2,0,0.015949010994619713
3,0,0.08542722130823345
4,0,0.16459043213558108
