chain,parameter,pr
0,1.0,0.4998030416484575
1,0.8571428571428571,0.514523276849968
2,0.7142857142857143,0.529262201617762
3,0.5714285714285714,0.09779728094378357
4,0.42857142857142855,0.12036925012443705
5,0.2857142857142857,0.13883032445622168
6,0.14285714285714285,9.718480829643791E-12
